Workbook

Sheet Tổng quan
B1: ĐỀ TÀI BÀI TẬP LỚN – LẬP TRÌNH HỆ THỐNG NHÚNG (STM32 + HAL)
B2: Nhóm 4 sinh viên · thời gian 4 tuần · mỗi sinh viên phụ trách 1 module riêng, SV4 kiêm tích hợp
B4: Mức độ | C4: Số đề tài | D4: Tỉ lệ | E4: Điểm tối đa (gợi ý) | F4: Đặc điểm
B5: Dễ | C5: =COUNTA('Đề tài Dễ'!B3:B200) -> 18 | D5: =IF($C$8=0,0,C5/$C$8) -> 0.6 | E5: 8 | F5: Dùng HAL + CubeMX; ghép 3–4 ngoại vi quen thuộc (GPIO, EXTI, Timer, PWM, ADC, UART, I2C LCD) thành một sản phẩm hoàn chỉnh. Mỗi SV làm chủ 1 ngoại vi/module.
B6: Vừa | C6: =COUNTA('Đề tài Vừa'!B3:B200) -> 9 | D6: =IF($C$8=0,0,C6/$C$8) -> 0.3 | E6: 9 | F6: Dùng HAL nhưng cần thêm: DMA, giao thức truyền thông, nhiều board, phần mềm PC, thuật toán điều khiển/lọc, hoặc bố trí bộ nhớ Flash.
B7: Khó | C7: =COUNTA('Đề tài Khó'!B3:B200) -> 3 | D7: =IF($C$8=0,0,C7/$C$8) -> 0.1 | E7: 10 | F7: Tự xây dựng driver/thư viện hoặc thuật toán (mức thanh ghi, giao thức tin cậy, bộ lọc Kalman); yêu cầu đo đạc, đánh giá định lượng.
B8: Tổng | C8: =SUM(C5:C7) -> 30 | D8: =SUM(D5:D7) -> 1 | F8: Tỉ lệ yêu cầu: Khó 10% – Vừa 30% – Dễ 60%
B11: QUY ĐỊNH CHUNG
B12: 1. Mỗi đề tài dành cho 1 nhóm 4 SV; có thể giao cùng một đề cho 2 nhóm ở 2 lớp khác nhau.
B13: 2. Nền tảng: STM32 (F103C8T6/Blue Pill hoặc Nucleo F4), STM32CubeIDE + HAL. Riêng đề Khó được yêu cầu viết mức thanh ghi ở phần ghi rõ trong đề.
B14: 3. Mỗi SV sở hữu ít nhất 1 module riêng (cặp file .c/.h có API rõ ràng). SV4 kiêm tích hợp, kiểm thử và biên tập báo cáo, nhưng mọi thành viên đều phải viết phần báo cáo về module của mình.
B15: 4. Tuần 1 nhóm phải chốt: sơ đồ khối, sơ đồ chân (pinout), file .h giao tiếp giữa các module → các SV làm song song, không chờ nhau.
B16: 5. Quản lý mã nguồn bằng Git (GitHub/GitLab); lịch sử commit là minh chứng đóng góp cá nhân.
B17: 6. Không dùng HAL_Delay trong vòng lặp chính (trừ khi đề cho phép); ưu tiên ngắt Timer / máy trạng thái.
B18: 7. Sản phẩm nộp: mã nguồn, báo cáo (sơ đồ khối, sơ đồ nguyên lý, lưu đồ/FSM, kết quả đo), video demo 3–5 phút.
B19: 8. Điểm cộng khi làm phần "Mở rộng" nhưng không vượt điểm tối đa của mức đề.
B21: DANH MỤC ĐỀ TÀI
B22: Mã đề | C22: Mức độ | D22: Tên đề tài
B23: K01 | C23: Khó | D23: Giao thức truyền dữ liệu tin cậy qua UART giữa 2 board
B24: K02 | C24: Khó | D24: Tự xây dựng driver I2C mức thanh ghi và thư viện màn hình OLED
B25: K03 | C25: Khó | D25: Ước lượng góc nghiêng MPU6050: bộ lọc bù và Kalman tự viết
B26: V01 | C26: Vừa | D26: Giao thức khung dữ liệu UART giữa PC và vi điều khiển
B27: V02 | C27: Vừa | D27: Đo hiệu năng UART: Polling – Interrupt – DMA
B28: V03 | C28: Vừa | D28: Trạm thời tiết mini ghi dữ liệu vào thẻ SD
B29: V04 | C29: Vừa | D29: Mạng giám sát 3 node qua RS485 (Modbus RTU rút gọn)
B30: V05 | C30: Vừa | D30: Điều khiển PID tốc độ / vị trí động cơ DC có encoder
B31: V06 | C31: Vừa | D31: Bootloader nạp firmware qua UART
B32: V07 | C32: Vừa | D32: Máy hiện sóng mini
B33: V08 | C33: Vừa | D33: Hệ thống điểm danh bằng thẻ RFID
... B52: D18 | C52: Dễ | D52: Đàn điện tử mini

Sheet Đề tài Khó
A1: DANH SÁCH ĐỀ TÀI MỨC KHÓ – 10% (3 đề)
A2: STT | B2: Mã đề | C2: Mức độ | D2: Tên đề tài | E2: Mô tả & mục tiêu | F2: Phần cứng chính | G2: Ngoại vi / kiến thức STM32 | H2: SV1 – nhiệm vụ | I2: SV2 – nhiệm vụ | J2: SV3 – nhiệm vụ | K2: SV4 – nhiệm vụ (kiêm tích hợp) | L2: Yêu cầu demo / tiêu chí đạt | M2: Mở rộng (điểm cộng)
A3: 1 | B3: K01 | C3: Khó | D3: Giao thức truyền dữ liệu tin cậy qua UART giữa 2 board | E3: Board A đọc cảm biến và gửi sang board B qua UART, bảo đảm không mất và không trùng gói: đóng khung (SOF + byte stuffing/COBS), số thứ tự, CRC16, ACK/NACK, timeout + truyền lại, tự đồng bộ lại khi nhiễu; nâng từ Stop-and-Wait lên cửa sổ trượt. Có module chèn lỗi để demo. | F3: 2 STM32, 2 LCD/OLED, dây UART (có công tắc ngắt dây), nút chèn lỗi, logic analyzer | G3: UART DMA/ngắt, FSM, CRC16, byte stuffing (SLIP/COBS), Timer timeout, thống kê hiệu năng | H3: Tầng khung: đóng khung, byte stuffing/COBS; bộ tách khung tự đồng bộ lại khi mất byte hoặc có rác | I3: Tầng tin cậy: số thứ tự, ACK/NACK, timeout + truyền lại có giới hạn, loại gói trùng; Stop-and-Wait → cửa sổ trượt (Go-Back-N) | J3: Module chèn lỗi (bên phát hoặc board trung gian): bỏ gói, đảo bit, chèn rác, làm trễ ACK — điều khiển bằng nút/UART | K3: Ứng dụng + đo đạc: dữ liệu cảm biến; LCD hai bên hiển thị số gói gửi/nhận/truyền lại/lỗi CRC, thông lượng; kịch bản demo; báo cáo | L3: Bắt buộc demo: (1) mất ACK → timeout → truyền lại, bên nhận không nhận trùng; (2) đảo bit → CRC sai → NACK → gửi lại; (3) chèn rác / rút dây giữa khung → mất đồng bộ, bộ tách khung tự bắt lại khung kế tiếp; (4) gửi 10.000 gói không mất gói, có thống kê | M3: So sánh thông lượng Stop-and-Wait và Go-Back-N theo tỉ lệ lỗi
A4: 2 | B4: K02 | C4: Khó | D4: Tự xây dựng driver I2C mức thanh ghi và thư viện màn hình OLED | E4: Không dùng HAL_I2C và thư viện màn hình có sẵn: tự viết driver I2C mức thanh ghi (START, địa chỉ, ACK, đọc/ghi nhiều byte, timeout, phục hồi bus); trên đó viết driver 2–3 cảm biến và thư viện đồ họa SSD1306 từ tập lệnh (framebuffer, font, đường, hình, đồ thị). Màn hình hiển thị "ten_cam_bien: dia_chi_i2c" và "ten_cam_bien: gia_tri". | F4: STM32F1/F4, OLED SSD1306 I2C, 2–3 cảm biến I2C (BMP280, AHT20, MPU6050, BH1750...), logic analyzer | G4: Reference Manual (I2C_CR1/CR2/SR1/SR2/DR/CCR/TRISE), memory-mapped I/O, datasheet cảm biến, tập lệnh SSD1306 | H4: Driver I2C thanh ghi: bật clock/GPIO, tính CCR/TRISE, START/STOP, ghi/đọc N byte, xử lý NACK, timeout, phục hồi bus (9 xung SCL); hàm quét địa chỉ | I4: Driver 2–3 cảm biến chạy trên driver I2C tự viết: đọc ID, cấu hình, đọc dữ liệu, công thức bù/quy đổi | J4: Thư viện SSD1306 từ tập lệnh: khởi tạo, framebuffer, gửi màn hình, font 5x7/8x16, vẽ điểm/đường/hình chữ nhật, đồ thị | K4: Tích hợp: màn hình danh sách thiết bị (tên – địa chỉ) và giá trị; so sánh tốc độ/kích thước code với HAL; kiểm thử lỗi (rút cảm biến); ảnh logic analyzer; báo cáo | L4: Project không có lời gọi HAL_I2C_*; quét đúng địa chỉ; rút 1 cảm biến → báo lỗi, hệ thống không treo; ảnh logic analyzer khung I2C khớp với code | M4: Driver I2C dùng ngắt/DMA mức thanh ghi
A5: 3 | B5: K03 | C5: Khó | D5: Ước lượng góc nghiêng MPU6050: bộ lọc bù và Kalman tự viết | E5: Tự viết toàn bộ phần tính toán (không dùng thư viện tính góc / DMP): hiệu chuẩn cảm biến, góc từ gia tốc, tích phân gyro, bộ lọc bù, bộ lọc Kalman 2 trạng thái (góc + bias); đánh giá định lượng trên bàn đối chứng; hiển thị và mô hình 3D trên PC. | F5: STM32 (ưu tiên F4 có FPU), MPU6050, OLED/LED 7 đoạn, servo làm bàn đối chứng góc, PC | G5: HAL I2C đọc raw, lấy mẫu chính xác, toán lọc (Kalman), số thực / fixed-point, đo thời gian thực thi (DWT) | H5: Tầng dữ liệu: đọc raw 6 trục 500 Hz theo ngắt INT/Timer, cấu hình DLPF, hiệu chuẩn offset/scale (phương pháp 6 mặt) | I5: Thuật toán: góc từ gia tốc, tích phân gyro, bộ lọc bù (chọn hệ số α), Kalman 2 trạng thái; bản float và fixed-point; đo thời gian thực thi | J5: Đánh giá: bàn đối chứng dùng servo quay góc biết trước; đo sai số, độ trễ, độ trôi, đáp ứng khi rung; so sánh 4 phương pháp | K5: Ứng dụng + PC: hiển thị OLED/LED 7 đoạn; công cụ PC vẽ đồ thị thời gian thực và mô hình 3D (Python); báo cáo | L5: Đồ thị 4 phương pháp trên cùng một thí nghiệm; Kalman sai số tĩnh < 1°, không trôi sau 5 phút; mô hình 3D trên PC bám theo cảm biến | M5: Thêm góc Yaw bằng từ kế (HMC5883L/QMC5883L)

Sheet Đề tài Vừa
A1: DANH SÁCH ĐỀ TÀI MỨC VỪA – 30% (9 đề)
A2: STT | B2: Mã đề | C2: Mức độ | D2: Tên đề tài | E2: Mô tả & mục tiêu | F2: Phần cứng chính | G2: Ngoại vi / kiến thức STM32 | H2: SV1 – nhiệm vụ | I2: SV2 – nhiệm vụ | J2: SV3 – nhiệm vụ | K2: SV4 – nhiệm vụ (kiêm tích hợp) | L2: Yêu cầu demo / tiêu chí đạt | M2: Mở rộng (điểm cộng)
A3: 1 | B3: V01 | C3: Vừa | D3: Giao thức khung dữ liệu UART giữa PC và vi điều khiển | E3: Thiết kế giao thức khung [0xAA 0x55][LEN][CMD][DATA...][CHECKSUM]. Board nhận từng byte bằng máy trạng thái; phần mềm PC (Python/C#) gửi lệnh điều khiển LED/PWM, đọc cảm biến và hiển thị; xử lý khung sai. | F3: STM32, USB-UART, cảm biến (DHT11/ADC), LED, PC | G3: UART ngắt, FSM phân tích khung, checksum/CRC8, Python pyserial + GUI | H3: Đặc tả giao thức (định dạng khung, bảng lệnh, mã lỗi) + FSM phân tích khung trên STM32 | I3: Tầng ứng dụng trên board: thực thi lệnh (LED, PWM, ADC, DHT11), đóng gói phản hồi ACK/NACK | J3: Phần mềm PC (Python + Tkinter/PyQt): gửi lệnh, hiển thị phản hồi, vẽ đồ thị | K3: Kiểm thử lỗi: công cụ PC gửi khung sai (sai checksum, thiếu byte, rác giữa các khung), đo tỉ lệ khung đúng; báo cáo | L3: GUI điều khiển được board; khung lỗi bị loại và trả NACK; chèn byte rác thì parser tự đồng bộ lại | M3: CRC16; truyền dữ liệu streaming 100 Hz
A4: 2 | B4: V02 | C4: Vừa | D4: Đo hiệu năng UART: Polling – Interrupt – DMA | E4: Truyền/nhận khối dữ liệu lớn qua UART bằng 3 cách; đo thời gian truyền, tải CPU, khả năng làm việc song song; nhận dữ liệu độ dài thay đổi bằng DMA + IDLE line. | F4: STM32, USB-UART tốc độ cao (CP2102/CH340), logic analyzer, LED | G4: UART polling/IT/DMA, DMA circular, IDLE line, DWT cycle counter, đo tải CPU | H4: Phía truyền: 3 phiên bản polling/IT/DMA; đo thời gian và số chu kỳ CPU bận | I4: Phía nhận: DMA circular + ngắt IDLE (HAL_UARTEx_ReceiveToIdle_DMA), double buffer, không mất byte ở 921600 baud | J4: Công cụ đo: tải CPU bằng bộ đếm tác vụ nền (idle counter); GPIO toggle đo trên logic analyzer | K4: Kịch bản thí nghiệm: script PC gửi/nhận 1 MB, kiểm tra toàn vẹn (CRC), bảng + biểu đồ so sánh; báo cáo | L4: Bảng so sánh 3 phương pháp ở 3 baud rate; nhận 1 MB không lỗi; chứng minh CPU làm việc khác khi DMA đang truyền | M4: Mở rộng phép so sánh cho SPI hoặc ADC
A5: 3 | B5: V03 | C5: Vừa | D5: Trạm thời tiết mini ghi dữ liệu vào thẻ SD | E5: Đo nhiệt độ, độ ẩm, áp suất (BMP280/BME280 + AHT20) qua I2C, gắn thời gian RTC, hiển thị OLED kèm đồ thị, ghi file CSV lên thẻ microSD (SPI + FatFs của CubeMX), tra cứu qua UART. | F5: STM32, BMP280/BME280, AHT20/DHT11, OLED SSD1306, module microSD (SPI), pin RTC | G5: I2C (HAL), SPI, FatFs middleware, RTC, bộ đệm vòng | H5: Driver cảm biến qua HAL_I2C: BMP280 (đọc hệ số hiệu chuẩn, công thức bù theo datasheet), AHT20 | I5: Ghi thẻ SD: FatFs trên SPI, tạo file theo ngày, ghi CSV, xử lý khi rút thẻ | J5: OLED: trang số liệu, trang đồ thị theo thời gian (bộ đệm vòng), chuyển trang bằng nút | K5: RTC + lập lịch đo mỗi phút; lệnh UART đọc/xóa log; tích hợp, chạy thử dài hạn; báo cáo | L5: Chạy liên tục ≥ 2 giờ, file CSV mở được bằng Excel; đồ thị trên OLED; rút/cắm thẻ không treo hệ thống | M5: Dự báo xu hướng thời tiết theo biến thiên áp suất
A6: 4 | B6: V04 | C6: Vừa | D6: Mạng giám sát 3 node qua RS485 (Modbus RTU rút gọn) | E6: 1 board Master và 2 board Slave nối bus RS485. Master định kỳ hỏi dữ liệu cảm biến của các Slave, điều khiển relay/LED từ xa; dùng khung Modbus RTU (địa chỉ, mã hàm, CRC16), timeout và thử lại. | F6: 3 STM32, 3 module MAX485, cảm biến (DHT11/biến trở), LCD cho Master, relay/LED | G6: UART + điều khiển DE/RE, CRC16 Modbus, timeout 3,5 ký tự bằng Timer, FSM master/slave | H6: Tầng vật lý: UART–RS485 bán song công, bật/tắt DE/RE đúng lúc (ngắt TC), phát hiện kết thúc khung bằng Timer | I6: Firmware Slave: bảng thanh ghi Modbus (holding/input), mã hàm 03/06, CRC16 | J6: Firmware Master: vòng hỏi các Slave, timeout + retry, đánh dấu Slave mất kết nối | K6: Giao diện Master: LCD hiển thị dữ liệu 2 Slave, nút điều khiển relay từ xa; thử với Modbus Poll/QModMaster; báo cáo | L6: Master đọc được 2 Slave; rút dây 1 Slave → báo mất kết nối, cắm lại tự phục hồi; tương thích công cụ Modbus trên PC | M6: Mã hàm 16 (ghi nhiều thanh ghi); PC đóng vai Master
A7: 5 | B7: V05 | C7: Vừa | D7: Điều khiển PID tốc độ / vị trí động cơ DC có encoder | E7: Điều khiển vòng kín tốc độ và vị trí động cơ DC dùng encoder (Timer Encoder mode); bộ PID số chạy trong ngắt Timer chu kỳ cố định; chỉnh Kp/Ki/Kd qua UART; vẽ đáp ứng bước trên PC. | F7: STM32, động cơ DC có encoder (JGA25-370), TB6612/L298N, nguồn, USB-UART | G7: Timer Encoder mode, PWM, ngắt Timer định kỳ, PID rời rạc, anti-windup, Python matplotlib | H7: Đo tốc độ/vị trí: Timer Encoder mode, xử lý tràn bộ đếm, lọc tốc độ | I7: PID rời rạc trong ngắt 1 kHz, anti-windup, bão hòa đầu ra; vòng vị trí bao ngoài vòng tốc độ | J7: Công cụ PC: gửi setpoint/tham số, nhận dữ liệu thời gian thực, vẽ đáp ứng, tính overshoot & thời gian xác lập | K7: Thí nghiệm chỉnh PID (thủ công/Ziegler–Nichols), so sánh P, PI, PID, thêm tải; LCD; báo cáo | L7: Đáp ứng bước tốc độ: overshoot < 10%, sai số xác lập < 2%; giữ vị trí khi xoay trục bằng tay; đồ thị so sánh | M7: Profile vận tốc hình thang cho điều khiển vị trí
A8: 6 | B8: V06 | C8: Vừa | D8: Bootloader nạp firmware qua UART | E8: Chia Flash thành vùng bootloader và vùng ứng dụng. Bootloader nhận file .bin từ PC qua UART theo gói có checksum, xóa/ghi Flash (HAL_FLASH), kiểm tra CRC rồi nhảy sang ứng dụng. | F8: STM32 (Flash ≥ 64 KB), USB-UART, nút nhấn, LED | G8: Bản đồ bộ nhớ, linker script, HAL_FLASH, dời bảng vector (SCB->VTOR), nhảy bằng con trỏ hàm, CRC | H8: Bố trí bộ nhớ: sửa linker script ứng dụng, VTOR, hàm nhảy sang ứng dụng (đặt MSP, gọi Reset_Handler) | I8: Module Flash: xóa trang, ghi half-word/word, đọc lại kiểm tra, bảo vệ vùng bootloader | J8: Giao thức nạp: gói dữ liệu + ACK/NACK, kiểm tra CRC toàn ảnh trước khi nhảy | K8: Công cụ PC (Python) gửi .bin có thanh tiến trình; 2 ứng dụng mẫu (nháy LED nhanh/chậm) để thử; báo cáo | L8: Nạp lần lượt ứng dụng A rồi B bằng tool PC, không cần ST-Link; ảnh lỗi (CRC sai) thì ở lại bootloader, không chạy app hỏng | M8: Vào bootloader bằng lệnh từ ứng dụng; ký/xác thực firmware đơn giản
A9: 7 | B9: V07 | C9: Vừa | D9: Máy hiện sóng mini | E9: Lấy mẫu tín hiệu bằng ADC kích bởi Timer + DMA; hiển thị dạng sóng trên OLED/TFT; trigger cạnh lên; chỉnh time/div; đo Vpp, tần số; có bộ phát tín hiệu thử bằng PWM ngay trên board. | F9: STM32, OLED SSD1306 hoặc TFT ST7735 (được dùng thư viện), nút/encoder, mạch phân áp và bảo vệ đầu vào | G9: ADC + Timer trigger + DMA (half/full transfer), xử lý tín hiệu, đồ họa | H9: Thu dữ liệu: ADC kích bằng Timer, DMA double buffer, đổi tốc độ lấy mẫu theo time/div | I9: Xử lý: tìm điểm trigger, tính Vmin/Vmax/Vpp, tần số (điểm cắt ngưỡng) | J9: Hiển thị: lưới, dạng sóng, thông số; giao diện chỉnh time/div, volt/div, mức trigger | K9: Mạch đầu vào (phân áp, bảo vệ); bộ phát tín hiệu thử (PWM + lọc RC); đối chiếu với máy hiện sóng thật; báo cáo | L9: Hiển thị ổn định sóng vuông/tam giác 10 Hz–10 kHz; Vpp và tần số sai số < 5% so với máy hiện sóng thật | M9: Chế độ FFT hiển thị phổ
A10: 8 | B10: V08 | C10: Vừa | D10: Hệ thống điểm danh bằng thẻ RFID | E10: Đọc thẻ RFID RC522 qua SPI, đối chiếu danh sách thẻ đã đăng ký, ghi thời gian RTC, hiển thị LCD/OLED, còi báo; đăng ký/xóa thẻ bằng thẻ admin; lưu danh sách vào Flash; xuất lịch sử qua UART. | F10: STM32, module RC522, LCD/OLED, buzzer, LED, pin RTC | G10: SPI (HAL), port thư viện RC522 sang HAL, HAL_FLASH, RTC, UART | H10: Port/viết driver RC522 trên HAL_SPI: đọc UID, chống đọc lặp một thẻ | I10: Quản lý dữ liệu: danh sách thẻ trong Flash (thêm/xóa/tìm), chế độ admin | J10: Nhật ký điểm danh: timestamp RTC, bộ đệm vòng lưu Flash, xuất CSV qua UART | K10: Giao diện LCD/OLED + còi/LED; xử lý đi muộn theo giờ quy định; script PC tổng hợp; báo cáo | L10: Đăng ký 5 thẻ, điểm danh, xóa thẻ; rút nguồn vẫn giữ danh sách và log; file CSV mở được bằng Excel | M10: Ghi dữ liệu vào block của thẻ Mifare
A11: 9 | B11: V09 | C11: Vừa | D11: Bệ cân bằng tự động 2 trục (gimbal) dùng MPU6050 | E11: Đo góc nghiêng bằng MPU6050 (gia tốc + con quay), kết hợp bằng bộ lọc bù (complementary filter); điều khiển 2 servo giữ mặt trên luôn nằm ngang khi đế bị nghiêng; hiển thị OLED. | F11: STM32, MPU6050, 2 servo SG90/MG90, khung gimbal (in 3D/bìa cứng), OLED, nguồn servo riêng | G11: HAL I2C, lấy mẫu định kỳ bằng Timer, complementary filter, PWM servo, điều khiển P/PI | H11: Đọc MPU6050 200 Hz theo ngắt Timer hoặc chân INT; hiệu chuẩn bias con quay | I11: Ước lượng góc: từ gia tốc, tích phân gyro, bộ lọc bù; so sánh 3 cách | J11: Điều khiển servo PWM theo µs, bộ điều khiển bù góc, giới hạn tốc độ servo | K11: Cơ khí + nguồn; OLED / UART vẽ đồ thị góc; đánh giá đáp ứng khi lắc đế; báo cáo | L11: Nghiêng đế ±30°, mặt trên giữ ngang trong ±3°; đồ thị so sánh góc thô và góc sau lọc | M11: Thay bộ lọc bù bằng Kalman 1D

Sheet Đề tài Dễ
A1: DANH SÁCH ĐỀ TÀI MỨC DỄ – 60% (18 đề)
A2: STT | B2: Mã đề | C2: Mức độ | D2: Tên đề tài | E2: Mô tả & mục tiêu | F2: Phần cứng chính | G2: Ngoại vi / kiến thức STM32 | H2: SV1 – nhiệm vụ | I2: SV2 – nhiệm vụ | J2: SV3 – nhiệm vụ | K2: SV4 – nhiệm vụ (kiêm tích hợp) | L2: Yêu cầu demo / tiêu chí đạt | M2: Mở rộng (điểm cộng)
A3: 1 | B3: D01 | C3: Dễ | D3: Đèn giao thông ngã tư có đếm lùi và chế độ ưu tiên | E3: Điều khiển 2 cột đèn đỏ–vàng–xanh cho ngã tư theo máy trạng thái chạy bằng ngắt Timer (không dùng HAL_Delay). Hiển thị thời gian đếm lùi trên LED 7 đoạn, có nút cho người đi bộ, chế độ đêm (vàng nhấp nháy), chỉnh thời gian từng pha qua UART. | F3: STM32, 6 LED, 2 cụm LED 7 đoạn 2 số (hoặc 74HC595/TM1637), 2 nút nhấn, USB-UART | G3: GPIO, TIM ngắt định kỳ, EXTI, UART ngắt, máy trạng thái (FSM) | H3: Thiết kế FSM các pha đèn; ngắt Timer tạo nhịp 1 ms/1 s; module traffic_fsm.c/.h | I3: Driver LED 7 đoạn quét (multiplex) bằng ngắt Timer; hiển thị đếm lùi cho 2 hướng | J3: Nút người đi bộ + nút chế độ đêm: EXTI + chống dội phần mềm; xử lý yêu cầu ưu tiên an toàn (chỉ đổi pha sau pha vàng) | K3: Giao diện UART: lệnh SET RED 30, GET STATUS...; tích hợp toàn hệ thống, kiểm thử, viết báo cáo | L3: Chu kỳ đèn đúng thời gian (sai số < 1%); đếm lùi khớp với đèn; nhấn nút đi bộ rút ngắn pha xanh; đổi thời gian qua UART có hiệu lực ở chu kỳ sau; vòng lặp chính không có HAL_Delay | M3: Lưu cấu hình vào Flash; thêm còi báo cho người khiếm thị
A4: 2 | B4: D02 | C4: Dễ | D4: Bộ đếm sản phẩm trên băng chuyền | E4: Cảm biến hồng ngoại phát hiện sản phẩm đi qua (ngắt ngoài), đếm và hiển thị trên LED 7 đoạn. Đóng gói theo lô: đủ N sản phẩm thì còi báo. Tính tốc độ sản phẩm/phút, gửi nhật ký qua UART. | F4: STM32, cảm biến IR (FC-51/E18-D80NK), LED 7 đoạn 4 số, buzzer, 3 nút nhấn | G4: EXTI, lọc nhiễu tín hiệu cảm biến, Timer, GPIO, UART | H4: Đọc cảm biến bằng EXTI, lọc xung nhiễu (khoảng cách tối thiểu giữa 2 sản phẩm), bộ đếm | I4: Driver LED 7 đoạn 4 số quét bằng Timer; hiển thị số đếm / số lô | J4: Menu nút nhấn: đặt kích thước lô N, reset, tạm dừng (chống dội, phân biệt nhấn ngắn / nhấn giữ) | K4: Tính tốc độ SP/phút bằng Timer; UART log mỗi lô; buzzer báo; tích hợp + báo cáo | L4: Đếm đúng 100/100 lần đưa vật qua; nhấn giữ 2 s để reset; đổi N bằng nút; log UART có thời điểm | M4: Phân loại 2 loại sản phẩm bằng 2 cảm biến ở 2 độ cao
A5: 3 | B5: D03 | C5: Dễ | D5: Đồng hồ báo thức dùng RTC nội | E5: Đồng hồ thời gian thực dùng RTC nội của STM32, hiển thị giờ/ngày trên LCD1602 (I2C). Chỉnh giờ và cài 3 báo thức bằng nút nhấn; chuông báo bằng buzzer PWM phát giai điệu; đặt giờ từ PC qua UART. | F5: STM32 (thạch anh 32.768 kHz, pin VBAT), LCD1602 + PCF8574, 3–4 nút, buzzer thụ động | G5: RTC, RTC Alarm interrupt, backup register, I2C (HAL), PWM, EXTI | H5: Cấu hình RTC + LSE; giữ giờ khi reset (backup register); hàm đọc/đặt giờ-ngày | I5: Hiển thị LCD1602 qua I2C: màn hình giờ, ngày, thứ; màn hình cài đặt nhấp nháy trường đang chỉnh | J5: Xử lý nút: FSM giao diện, chế độ chỉnh giờ / báo thức (nhấn ngắn, nhấn giữ, tăng nhanh khi giữ) | K5: Báo thức: ngắt RTC Alarm, buzzer PWM phát giai điệu, snooze; lệnh UART "SETTIME hh:mm:ss"; tích hợp + báo cáo | L5: Sai lệch < 2 s/giờ; reset MCU không mất giờ; báo thức kêu đúng phút đã đặt; chỉnh giờ bằng nút | M5: Script Python tự đồng bộ giờ từ PC
A6: 4 | B6: D04 | C6: Dễ | D6: Trạm đo nhiệt độ – độ ẩm DHT11 tự giải mã giao thức | E6: Tự viết hàm đọc DHT11 (giao thức 1 dây riêng) bằng đo độ rộng xung với Timer, không dùng thư viện có sẵn. Hiển thị LCD, cảnh báo vượt ngưỡng, lưu min/max, xuất dữ liệu qua UART. | F6: STM32, DHT11, LCD1602 I2C, LED RGB, buzzer, nút nhấn, logic analyzer | G6: GPIO đổi chiều in/out, Timer đo µs, giản đồ thời gian, checksum, I2C LCD, UART | H6: Hàm delay µs bằng Timer + đọc 40 bit DHT11, kiểm tra checksum, timeout (không treo khi rút cảm biến) | I6: Hiển thị LCD: nhiệt độ, độ ẩm, ký tự tự tạo (CGRAM), trang min/max | J6: Cảnh báo ngưỡng: đặt ngưỡng bằng nút; LED RGB (PWM) đổi màu theo mức; buzzer | K6: UART log định kỳ dạng CSV + vẽ đồ thị trên PC (Python/Excel); chụp giản đồ bằng logic analyzer; tích hợp + báo cáo | L6: Đọc đúng, tỉ lệ lỗi checksum < 5%; rút cảm biến hiện "ERR" không treo; ảnh logic analyzer khung 40 bit; cảnh báo đúng ngưỡng | M6: Thêm DS18B20 (1-Wire chuẩn) để so sánh
A7: 5 | B7: D05 | C7: Dễ | D7: Đèn thông minh tự điều chỉnh theo ánh sáng môi trường | E7: Đọc quang trở (LDR) và biến trở qua ADC, điều chỉnh độ sáng dải LED bằng PWM; chế độ tự động/tay; hiển thị % độ sáng trên LED 7 đoạn; cảm biến PIR bật đèn khi có người. | F7: STM32, LDR, biến trở, PIR HC-SR501, MOSFET + dải LED, LED 7 đoạn, nút nhấn | G7: ADC đa kênh (scan), PWM, EXTI, lọc trung bình trượt, hiệu chỉnh gamma | H7: ADC đa kênh (LDR + biến trở), lọc trung bình trượt, quy đổi % | I7: PWM điều khiển độ sáng, bảng gamma để mắt cảm nhận tuyến tính, chuyển sáng mượt (fade) | J7: LED 7 đoạn hiển thị % / chế độ; nút chuyển Auto/Manual | K7: PIR bật đèn khi có người, tự tắt sau T giây (Timer); UART log; tích hợp + báo cáo | L7: Che LDR đèn sáng dần; xoay biến trở ở chế độ Manual; đèn không nhấp nháy; PIR hoạt động đúng | M7: Hysteresis chống dao động; điều khiển PI giữ độ rọi không đổi
A8: 6 | B8: D06 | C8: Dễ | D8: Điều khiển thiết bị qua giao diện lệnh UART (mini shell) | E8: Xây dựng mini shell trên terminal: nhận chuỗi lệnh qua UART ngắt với bộ đệm vòng, phân tích lệnh (LED ON 1, PWM 2 50, READ ADC 0, HELP...), điều khiển LED/relay/PWM, đọc cảm biến, báo lỗi cú pháp. | F8: STM32, USB-UART, 4 LED, relay, biến trở, buzzer | G8: UART ngắt, ring buffer, xử lý chuỗi C, bảng con trỏ hàm, GPIO, PWM, ADC | H8: Driver UART nhận bằng ngắt + ring buffer; echo; xử lý Backspace/Enter | I8: Bộ phân tích lệnh (tách token, bảng lệnh dùng con trỏ hàm), thông báo lỗi | J8: Nhóm lệnh điều khiển: LED, relay, PWM độ sáng, buzzer, nháy LED theo chu kỳ (Timer) | K8: Nhóm lệnh đọc: ADC, trạng thái, uptime, STATUS; lệnh HELP; kiểm thử + báo cáo | L8: ≥ 10 lệnh; gõ sai báo lỗi; dán chuỗi dài không mất ký tự; không dùng HAL_UART_Receive dạng polling | M8: Lịch sử lệnh (phím mũi tên), tự hoàn thành bằng Tab
A9: 7 | B9: D07 | C9: Dễ | D9: Cảm biến lùi xe bằng siêu âm | E9: Đo khoảng cách bằng HC-SR04 dùng Timer Input Capture; hiển thị cm trên LED 7 đoạn; còi kêu nhanh dần khi lại gần; thanh LED báo mức; lọc nhiễu phép đo. | F9: STM32, HC-SR04, LED 7 đoạn 4 số, buzzer, 5 LED thanh mức | G9: Timer Input Capture, PWM (xung Trigger, còi), lọc median, bù nhiệt độ cho vận tốc âm | H9: Tạo xung Trigger bằng Timer; đo Echo bằng Input Capture cạnh lên/xuống; xử lý timeout | I9: Lọc median 5 mẫu + trung bình, loại giá trị ngoại lai; hiệu chuẩn với thước | J9: LED 7 đoạn hiển thị cm (quét bằng Timer); thanh LED mức | K9: Còi báo nhịp theo khoảng cách, chế độ tắt tiếng, UART log; tích hợp + bảng đo sai số + báo cáo | L9: Sai số < 1 cm trong 5–100 cm (bảng 10 điểm đo); không kẹt khi không có vật; còi tăng nhịp khi lại gần | M9: 2 cảm biến trái/phải, hiển thị bên gần hơn
A10: 8 | B10: D08 | C10: Dễ | D10: Thu thập dữ liệu ADC đa kênh hiển thị LCD | E10: Đọc 4 kênh analog (biến trở, LDR, cảm biến nhiệt nội, điện áp pin qua phân áp) ở chế độ scan, hiển thị tuần tự trên LCD, quy đổi ra đại lượng vật lý, gửi lên PC vẽ đồ thị. | F10: STM32, LCD1602/2004, biến trở, LDR, cầu phân áp, nút nhấn | G10: ADC scan, kích ADC bằng Timer, DMA (cấu hình bằng CubeMX), lọc số, hiệu chỉnh bằng VREFINT | H10: Cấu hình ADC scan 4 kênh kích bằng Timer (tần số lấy mẫu cố định), đọc bằng DMA | I10: Xử lý: lọc trung bình, quy đổi V / °C / %; hiệu chỉnh bằng VREFINT | J10: LCD: tự cuộn qua các kênh mỗi 2 s hoặc chuyển bằng nút; màn hình tổng hợp | K10: UART gửi CSV; vẽ đồ thị bằng Serial Plotter/Python; đối chiếu với đồng hồ vạn năng; báo cáo | L10: 4 kênh hiển thị đúng (sai lệch < 2% so với đồng hồ vạn năng); tần số lấy mẫu đúng cấu hình; có đồ thị trên PC | M10: Cảnh báo ngưỡng từng kênh
A11: 9 | B11: D09 | C11: Dễ | D11: Máy phát xung và đo tần số | E11: Phát xung vuông có tần số và độ rộng xung chỉnh được chính xác bằng Timer PWM; đồng thời đo tần số/chu kỳ/duty của tín hiệu ngoài bằng Input Capture; kiểm chứng bằng oscilloscope; hiển thị LCD. | F11: STM32, LCD, encoder xoay hoặc nút nhấn, oscilloscope của phòng thí nghiệm | G11: Timer PWM (PSC/ARR/CCR), One-pulse mode, Input Capture (PWM input mode), sai số lượng tử | H11: Module phát: tự tính PSC/ARR theo tần số yêu cầu (10 Hz–100 kHz), duty 0–100%, xung đơn one-pulse | I11: Module đo: Input Capture / PWM input đo chu kỳ & duty; xử lý tràn Timer ở tần số thấp | J11: Giao diện: encoder/nút chỉnh tần số, bước chỉnh; LCD hiển thị giá trị đặt/đo | K11: Đo kiểm bằng oscilloscope: bảng đặt – đo – oscilloscope, phân tích sai số; lệnh UART; báo cáo | L11: Nối chân phát sang chân đo: sai số < 0,5%; ảnh oscilloscope tại 3 tần số; tạo xung đơn 10 µs chính xác | M11: Đo tần số cao bằng chế độ External clock (đếm xung)
A12: 10 | B12: D10 | C12: Dễ | D12: Khóa cửa điện tử dùng bàn phím ma trận | E12: Nhập mật khẩu bằng keypad 4x4, hiển thị LCD dạng ***; mở chốt bằng servo/relay; khóa tạm sau 3 lần sai; đổi mật khẩu; lưu mật khẩu vào Flash để không mất khi mất điện. | F12: STM32, keypad 4x4, LCD1602 I2C, servo SG90 hoặc relay + khóa điện, buzzer | G12: Quét ma trận phím, PWM điều khiển servo, HAL_FLASH, FSM giao diện, I2C LCD | H12: Driver keypad: quét ma trận bằng ngắt Timer, chống dội, nhận phím giữ | I12: FSM khóa: nhập, xác thực, sai 3 lần khóa 30 s, đổi mật khẩu (xác nhận 2 lần) | J12: Servo PWM mở/đóng, tự đóng sau 5 s; buzzer & LED báo trạng thái | K12: Lưu mật khẩu vào Flash (trang cuối), mật khẩu admin khôi phục; màn hình LCD; tích hợp + báo cáo | L12: Mở đúng/sai mật khẩu; khóa sau 3 lần sai; đổi mật khẩu rồi rút nguồn vẫn giữ | M12: Lưu giá trị băm (hash) thay cho mật khẩu rõ; thêm thẻ RFID
A13: 11 | B13: D11 | C13: Dễ | D13: Điều khiển và đo tốc độ động cơ DC | E13: Điều khiển tốc độ, chiều quay động cơ DC bằng PWM qua driver L298N/TB6612; đo tốc độ bằng encoder/cảm biến quang; hiển thị RPM trên LCD; đặt tốc độ bằng biến trở hoặc UART. | F13: STM32, động cơ DC có encoder (hoặc đĩa + cảm biến quang), L298N/TB6612, LCD, biến trở, nguồn riêng | G13: PWM, Input Capture / EXTI, ADC, UART, tính RPM | H13: PWM + đảo chiều quay, khởi động mềm (ramp), dừng khẩn cấp bằng EXTI | I13: Đo tốc độ bằng 2 phương pháp: đếm xung trong cửa sổ thời gian và đo chu kỳ; so sánh | J13: Giao diện: biến trở (ADC) đặt tốc độ, LCD hiển thị duty & RPM | K13: Lệnh UART + gửi dữ liệu vẽ đồ thị RPM theo thời gian; đặc tuyến duty–RPM; báo cáo | L13: Đặc tuyến duty–RPM 10 điểm; đổi chiều an toàn (dừng trước khi đảo); dừng khẩn cấp hoạt động | M13: Điều khiển PI giữ tốc độ khi thêm tải
A14: 12 | B14: D12 | C14: Dễ | D14: Hệ thống tưới cây tự động | E14: Đo độ ẩm đất (ADC) và nhiệt độ-độ ẩm không khí; tự bật bơm khi đất khô; hẹn giờ tưới theo RTC; chế độ tưới tay; hiển thị LCD; ghi nhật ký qua UART. | F14: STM32, cảm biến độ ẩm đất, DHT11 hoặc AHT20, relay + bơm mini, LCD, nút nhấn | G14: ADC, RTC Alarm, GPIO điều khiển relay, I2C LCD, FSM | H14: Đo độ ẩm đất: hiệu chuẩn khô/ướt ra %, lọc, hysteresis bật/tắt bơm | I14: RTC + lịch tưới (2 khung giờ/ngày), giới hạn thời gian bơm tối đa (bảo vệ) | J14: LCD + nút: xem thông số, cài ngưỡng, bật bơm tay | K14: Cảm biến không khí (DHT11/AHT20); UART nhật ký sự kiện; mạch relay an toàn; tích hợp + báo cáo | L14: Đất khô → bơm bật, đủ ẩm → tắt; tưới đúng giờ hẹn; bơm không chạy quá T_max | M14: Cảm biến mực nước bồn, báo hết nước
... A20: 18 | B20: D18 | C20: Dễ | D20: Đàn điện tử mini | E20: Tạo nốt nhạc bằng loa/buzzer với PWM thay đổi tần số; 8 nút hoặc keypad làm phím đàn; phát bài hát lưu sẵn; ghi và phát lại chuỗi nốt người chơi; LCD hiển thị nốt, nhịp. | F20: STM32, loa + transistor hoặc buzzer thụ động, keypad 4x4 / 8 nút, LCD, biến trở | G20: PWM đổi tần số (ARR), Timer tạo nhịp, quét phím, ADC, cấu trúc dữ liệu bài hát | H20: Sinh nốt: bảng tần số C4–C6, cập nhật ARR/CCR không méo tiếng, âm lượng qua duty | I20: Đọc phím (keypad/nút) chống dội, xử lý nhiều phím nhấn cùng lúc | J20: Trình phát bài hát: mảng (nốt, trường độ), tempo bằng Timer (biến trở chỉnh), 3 bài | K20: Ghi/phát lại chuỗi người chơi (lưu thời điểm nhấn), LCD hiển thị; tích hợp + báo cáo | L20: Thang âm đúng cao độ (kiểm bằng app tuner); phát 3 bài; ghi 20 nốt và phát lại đúng nhịp | M20: Phát sóng sin bằng bảng tra + PWM/DAC thay cho sóng vuông

Sheet Kế hoạch 4 tuần
A1: KẾ HOẠCH THỰC HIỆN 4 TUẦN
A2: Tuần | B2: Mục tiêu | C2: Công việc của cả nhóm | D2: Công việc của từng SV | E2: Sản phẩm phải nộp / kiểm tra
A3: 1 | B3: Phân tích – thiết kế – chạy thử ngoại vi | C3: Đọc đề, phân công; sơ đồ khối; chọn linh kiện; sơ đồ chân (pinout) trong CubeMX; thống nhất file .h giao tiếp giữa các module; tạo repo Git | D3: Mỗi SV chạy được ngoại vi mình phụ trách ở project thử riêng (VD: LED 7 đoạn quét được, UART echo được, đọc được cảm biến) | E3: Bản đặc tả 2–3 trang: sơ đồ khối, pinout, API các module, phân công; ảnh/clip ngoại vi chạy thử
A4: 2 | B4: Hoàn thiện module riêng | C4: Họp nhanh 2 lần/tuần; review code chéo giữa các thành viên | D4: Hoàn thiện module theo API đã chốt; viết chương trình test riêng cho module; đo đạc (oscilloscope/logic analyzer) nếu có | E4: Mỗi module có code + test chạy độc lập; commit trên Git
A5: 3 | B5: Tích hợp – kiểm thử hệ thống | C5: SV4 chủ trì ghép module vào project chính; xử lý xung đột tài nguyên (Timer, DMA, ngắt, chân); kiểm thử theo tiêu chí demo | D5: Mỗi SV sửa lỗi module khi tích hợp; chuẩn bị số liệu đo đạc/ thí nghiệm cho phần của mình | E5: Hệ thống chạy đủ chức năng chính; bảng kết quả kiểm thử theo cột "Yêu cầu demo"
A6: 4 | B6: Hoàn thiện – báo cáo – bảo vệ | C6: Làm phần mở rộng (nếu có); quay video demo; viết báo cáo; chuẩn bị slide | D6: Mỗi SV viết chương báo cáo về module của mình và sẵn sàng trả lời vấn đáp về code của mình | E6: Báo cáo, mã nguồn, video 3–5 phút, slide; bảo vệ trực tiếp trên board

Sheet Tiêu chí đánh giá
A1: TIÊU CHÍ ĐÁNH GIÁ (thang 10, nhân với hệ số trần của mức đề)
A2: Phần | B2: Tiêu chí | C2: Trọng số | D2: Ghi chú
A3: Nhóm | B3: Hệ thống đạt các tiêu chí trong cột "Yêu cầu demo" | C3: 0.3 | D3: Kiểm tra trực tiếp trên board khi bảo vệ
A4: Nhóm | B4: Thiết kế & chất lượng mã (module hóa, không HAL_Delay tràn lan, dùng ngắt/FSM hợp lý, chú thích) | C4: 0.1 | D4: Xem repo Git
A5: Nhóm | B5: Báo cáo (sơ đồ khối, nguyên lý, lưu đồ/FSM, số liệu đo, phân tích) | C5: 0.1
A6: Nhóm | B6: Trình bày, video demo | C6: 0.1
A7: Cá nhân | B7: Module do SV phụ trách: chạy đúng, có test, có số liệu | C7: 0.2 | D7: Đối chiếu bảng phân công + lịch sử commit
A8: Cá nhân | B8: Vấn đáp: giải thích code, cấu hình ngoại vi, sửa nhỏ tại chỗ | C8: 0.15 | D8: Mỗi SV hỏi riêng 3–5 phút
A9: Cá nhân | B9: Chuyên cần: báo cáo tiến độ hằng tuần, đóng góp Git | C9: 0.05
B10: Tổng trọng số (phải = 100%) | C10: =SUM(C3:C9) -> 1
A12: Điểm cá nhân = (điểm theo thang 10 × Σ trọng số) × Điểm tối đa của mức đề / 10. Cột Trọng số và cột Điểm tối đa (sheet Tổng quan) giảng viên có thể chỉnh.

Sheet Đăng ký nhóm
A1: PHIẾU ĐĂNG KÝ ĐỀ TÀI THEO NHÓM
A2: Hướng dẫn: nhập vào các cột trừ Tên đề tài và Mức độ; chọn Mã đề từ danh sách, Tên đề & Mức độ tự điền. Dòng 4 là ví dụ – xóa khi dùng.
A3: Nhóm | B3: Lớp | C3: Mã đề | D3: Tên đề tài | E3: Mức độ | F3: SV1 (MSSV – Họ tên) | G3: SV2 (MSSV – Họ tên) | H3: SV3 (MSSV – Họ tên) | I3: SV4 (MSSV – Họ tên) | J3: Trưởng nhóm | K3: Link Git | L3: Ghi chú
A4: N01 | B4: CT7A | C4: D01 | D4: =IF(C4="","",IFERROR(VLOOKUP(C4,DS_ma!$A$1:$C$30,2,FALSE),"Mã không hợp lệ")) -> Đèn giao thông ngã tư có đếm lùi và chế độ ưu tiên | E4: =IF(C4="","",IFERROR(VLOOKUP(C4,DS_ma!$A$1:$C$30,3,FALSE),"")) -> Dễ | F4: CT070101 – Nguyễn Văn A | G4: CT070102 – Trần Thị B | H4: CT070103 – Lê Văn C | I4: CT070104 – Phạm Thị D | J4: SV4 | K4: github.com/… | L4: Ví dụ
D5: =IF(C5="","",IFERROR(VLOOKUP(C5,DS_ma!$A$1:$C$30,2,FALSE),"Mã không hợp lệ")) | E5: =IF(C5="","",IFERROR(VLOOKUP(C5,DS_ma!$A$1:$C$30,3,FALSE),""))
D6: =IF(C6="","",IFERROR(VLOOKUP(C6,DS_ma!$A$1:$C$30,2,FALSE),"Mã không hợp lệ")) | E6: =IF(C6="","",IFERROR(VLOOKUP(C6,DS_ma!$A$1:$C$30,3,FALSE),""))
D7: =IF(C7="","",IFERROR(VLOOKUP(C7,DS_ma!$A$1:$C$30,2,FALSE),"Mã không hợp lệ")) | E7: =IF(C7="","",IFERROR(VLOOKUP(C7,DS_ma!$A$1:$C$30,3,FALSE),""))
D8: =IF(C8="","",IFERROR(VLOOKUP(C8,DS_ma!$A$1:$C$30,2,FALSE),"Mã không hợp lệ")) | E8: =IF(C8="","",IFERROR(VLOOKUP(C8,DS_ma!$A$1:$C$30,3,FALSE),""))
D9: =IF(C9="","",IFERROR(VLOOKUP(C9,DS_ma!$A$1:$C$30,2,FALSE),"Mã không hợp lệ")) | E9: =IF(C9="","",IFERROR(VLOOKUP(C9,DS_ma!$A$1:$C$30,3,FALSE),""))
D10: =IF(C10="","",IFERROR(VLOOKUP(C10,DS_ma!$A$1:$C$30,2,FALSE),"Mã không hợp lệ")) | E10: =IF(C10="","",IFERROR(VLOOKUP(C10,DS_ma!$A$1:$C$30,3,FALSE),""))
D11: =IF(C11="","",IFERROR(VLOOKUP(C11,DS_ma!$A$1:$C$30,2,FALSE),"Mã không hợp lệ")) | E11: =IF(C11="","",IFERROR(VLOOKUP(C11,DS_ma!$A$1:$C$30,3,FALSE),""))
D12: =IF(C12="","",IFERROR(VLOOKUP(C12,DS_ma!$A$1:$C$30,2,FALSE),"Mã không hợp lệ")) | E12: =IF(C12="","",IFERROR(VLOOKUP(C12,DS_ma!$A$1:$C$30,3,FALSE),""))
D13: =IF(C13="","",IFERROR(VLOOKUP(C13,DS_ma!$A$1:$C$30,2,FALSE),"Mã không hợp lệ")) | E13: =IF(C13="","",IFERROR(VLOOKUP(C13,DS_ma!$A$1:$C$30,3,FALSE),""))
D14: =IF(C14="","",IFERROR(VLOOKUP(C14,DS_ma!$A$1:$C$30,2,FALSE),"Mã không hợp lệ")) | E14: =IF(C14="","",IFERROR(VLOOKUP(C14,DS_ma!$A$1:$C$30,3,FALSE),""))
D15: =IF(C15="","",IFERROR(VLOOKUP(C15,DS_ma!$A$1:$C$30,2,FALSE),"Mã không hợp lệ")) | E15: =IF(C15="","",IFERROR(VLOOKUP(C15,DS_ma!$A$1:$C$30,3,FALSE),""))
D16: =IF(C16="","",IFERROR(VLOOKUP(C16,DS_ma!$A$1:$C$30,2,FALSE),"Mã không hợp lệ")) | E16: =IF(C16="","",IFERROR(VLOOKUP(C16,DS_ma!$A$1:$C$30,3,FALSE),""))
... D43: =IF(C43="","",IFERROR(VLOOKUP(C43,DS_ma!$A$1:$C$30,2,FALSE),"Mã không hợp lệ")) | E43: =IF(C43="","",IFERROR(VLOOKUP(C43,DS_ma!$A$1:$C$30,3,FALSE),""))

Sheet DS_ma
A1: K01 | B1: Giao thức truyền dữ liệu tin cậy qua UART giữa 2 board | C1: Khó
A2: K02 | B2: Tự xây dựng driver I2C mức thanh ghi và thư viện màn hình OLED | C2: Khó
A3: K03 | B3: Ước lượng góc nghiêng MPU6050: bộ lọc bù và Kalman tự viết | C3: Khó
A4: V01 | B4: Giao thức khung dữ liệu UART giữa PC và vi điều khiển | C4: Vừa
A5: V02 | B5: Đo hiệu năng UART: Polling – Interrupt – DMA | C5: Vừa
A6: V03 | B6: Trạm thời tiết mini ghi dữ liệu vào thẻ SD | C6: Vừa
A7: V04 | B7: Mạng giám sát 3 node qua RS485 (Modbus RTU rút gọn) | C7: Vừa
A8: V05 | B8: Điều khiển PID tốc độ / vị trí động cơ DC có encoder | C8: Vừa
A9: V06 | B9: Bootloader nạp firmware qua UART | C9: Vừa
A10: V07 | B10: Máy hiện sóng mini | C10: Vừa
A11: V08 | B11: Hệ thống điểm danh bằng thẻ RFID | C11: Vừa
A12: V09 | B12: Bệ cân bằng tự động 2 trục (gimbal) dùng MPU6050 | C12: Vừa
... A30: D18 | B30: Đàn điện tử mini | C30: Dễ
